{"metadata":{"creationDate":"2026-05-13T10:31:46.753Z","branch":"main","commitHash":"a3309279ad152ab172bafca92c0b7dab46f6b997"}}
{"name":"Skeleton — 10 bones initial render","type":"render","runs":10,"meanDuration":13.305891999999858,"stdevDuration":1.0463245531500114,"durations":[14.043795000000046,13.516375999999127,13.936917999998968,14.250166000000263,15.030832999999802,13.105083000000377,12.83871199999794,11.781294000002163,11.88899500000025,12.666747999999643],"warmupDurations":[48.29217099999914],"outlierDurations":[],"meanCount":1,"stdevCount":0,"counts":[1,1,1,1,1,1,1,1,1,1],"issues":{"initialUpdateCount":0,"redundantUpdates":[]}}
{"name":"Skeleton — 30 bones initial render","type":"render","runs":10,"meanDuration":32.03486560000037,"stdevDuration":5.596315304220926,"durations":[28.344918000000234,30.65541600000006,28.192669000000933,27.16319900000235,29.645952999995643,29.883873999999196,46.56070799999907,32.23441600000069,33.90058400000407,33.76691900000151],"warmupDurations":[29.4457519999969],"outlierDurations":[],"meanCount":1,"stdevCount":0,"counts":[1,1,1,1,1,1,1,1,1,1],"issues":{"initialUpdateCount":0,"redundantUpdates":[]}}
